{
    "Name": "Ethan Williams",
    "Email": [
        "ethan.williams@globinsights.ca"
    ],
    "Sector": "Business Analyst",
    "Experience": "CoreSight Analytics | Senior Business Analyst (2020–Present)\n(cid:127) Led data analytics initiatives improving process efficiency by 18%.\n(cid:127) Collaborated with cross-functional teams to translate business requirements into BI solutions.\n(cid:127) Developed forecasting models to enhance decision-making accuracy.\n(cid:127) Presented actionable insights to executive stakeholders to drive KPIs.\nGlobalEdge Consulting | Senior Business Analyst (2020–Present)\n(cid:127) Led data analytics initiatives improving process efficiency by 18%.\n(cid:127) Collaborated with cross-functional teams to translate business requirements into BI solutions.\n(cid:127) Developed forecasting models to enhance decision-making accuracy.\n(cid:127) Presented actionable insights to executive stakeholders to drive KPIs.",
    "Education": "MBA in Business Analytics, IIM Bangalore, 2018–2020\nB.Tech in Information Systems, Anna University, 2014–2018\nKEY",
    "Skills": "(cid:127) Business Process Modeling & Optimization\n(cid:127) Data Visualization (Power BI, Tableau)\n(cid:127) SQL, Python (Pandas, NumPy)\n(cid:127) Requirements Gathering & Documentation\n(cid:127) Agile & Scrum Methodologies\n(cid:127) Stakeholder Communication\n(cid:127) KPI Design and Performance Tracking\nWORK",
    "Projects": "(cid:127) Predictive Sales Analysis\n(cid:127) Data Governance Framework",
    "Certifications": "(cid:127) Certified Analytics Professional\n(cid:127) Business Strategy Advanced (Coursera)\nAWARDS & RECOGNITIONS\nClient Success Champion 2023",
    "Hobbies": "& INTERESTS\nRunning, Technology Forums",
    "Score": 21.05
}