{
    "Name": "Priya Desai",
    "Email": [
        "priya.desai@marketlytics.in"
    ],
    "Sector": "Business Analyst",
    "Experience": "BizVision India | Senior Business Analyst (2020–Present)\n(cid:127) Led data analytics initiatives improving process efficiency by 18%.\n(cid:127) Collaborated with cross-functional teams to translate business requirements into BI solutions.\n(cid:127) Developed forecasting models to enhance decision-making accuracy.\n(cid:127) Presented actionable insights to executive stakeholders to drive KPIs.\nNextEra Insights | Senior Business Analyst (2020–Present)\n(cid:127) Led data analytics initiatives improving process efficiency by 18%.\n(cid:127) Collaborated with cross-functional teams to translate business requirements into BI solutions.\n(cid:127) Developed forecasting models to enhance decision-making accuracy.\n(cid:127) Presented actionable insights to executive stakeholders to drive KPIs.",
    "Education": "MBA in Business Analytics, IIM Bangalore, 2018–2020\nB.Tech in Information Systems, Anna University, 2014–2018\nKEY",
    "Skills": "(cid:127) Business Process Modeling & Optimization\n(cid:127) Data Visualization (Power BI, Tableau)\n(cid:127) SQL, Python (Pandas, NumPy)\n(cid:127) Requirements Gathering & Documentation\n(cid:127) Agile & Scrum Methodologies\n(cid:127) Stakeholder Communication\n(cid:127) KPI Design and Performance Tracking\nWORK",
    "Projects": "(cid:127) Brand Performance Metrics Dashboard\n(cid:127) Financial KPI Monitoring",
    "Certifications": "(cid:127) Lean Six Sigma Green Belt\n(cid:127) Google Business Intelligence\nAWARDS & RECOGNITIONS\nOutstanding Analyst Recognition 2024",
    "Hobbies": "& INTERESTS\nCooking, Blogging",
    "Score": 58.64
}