{
    "Name": "Aayush Jha",
    "Email": [
        "aayushjha2431@gmail.com"
    ],
    "Sector": "Prompt Engineer",
    "Education": "Indian Institute of Information Technology, Dharwad Bachelor of Technology in Data Science and Artificial Engineering (DSAI)\n\n\tExpected Graduation: Aug 2028\n\nRelevant Coursework: Data Structures, Algorithms, Machine Learning",
    "Skills": "and a solid grasp of data structures and algorithms.",
    "Projects": "Utilized Python libraries like Pandas and NumPy to perform data cleaning, manipulation, and analysis on various datasets.\n\nApplied data visualization techniques to uncover patterns and insights.\n\nShowcased proficiency in data preprocessing, a crucial step in the machine learning pipeline.\n\nFollowing is the GitHub repo: https://github.com/AayushJ91/AI-ML.git",
    "Certifications": "and Badges\n\nPrompt Design in Vertex AI Skill Badge (Google Cloud): Demonstrated expertise in designing and implementing prompts for AI models on Google Cloud's Vertex AI platform.\n\nData Visualization using Python (Tata Consultancy Services): Completed a certification on using Python for data visualization, enhancing",
    "Experience": "program, applying data analytics techniques to solve a real-world business problem.\n\nLeetCode 50-Day Badge: Achieved a 50-day streak badge on LeetCode, highlighting consistent practice and dedication to improving problem-solving and algorithmic",
    "Score": 18.14
}