{
    "Name": "Ravi Karira",
    "Email": [
        "Ravikarira1997@gmail.com"
    ],
    "Sector": "Prompt Engineer",
    "Skills": "• Fleet management\n• Vehicle maintenance & inspection\n• Route planning and optimization\n• Scheduling and dispatching\n• GPS and telematics usage\n• Fuel management\n• Cargo handling and loading techniques\n• Knowledge of transport laws and regulations\n• Safety and compliance management\nPersonal Details\nDate of Birth : 27/03/1997\nMarital Status : Married\nGender : Male\nPlace : Ulhasnagar",
    "Experience": "Southern Carrier-\n2015 till 2017\nPerformed data entry and dispatch management, supervised loading and unloading operations, conducted quality\nchecks, and maintained strong market relationships with customers.\nJai Ambey Transport/ New Ajanta transport - 2017 till March 2025\nStarted and managed my own transport business, overseeing all aspects of operations including fleet management,\ndispatch coordination, route planning, and client relations. Handled data entry, loading and unloading supervision,\nand ensured timely and safe delivery of goods. Built and maintained strong relationships with customers and market\npartners, contributing to consistent business growth and customer satisfaction.\nCurrently, it is managed by my Uncle.",
    "Education": "Mumbai University\nSSC\nMumbai University\nHSC\nMumbai University\nBAF",
    "Score": 0.0
}