{
    "Name": "Priya Gupta",
    "Email": [
        "priya.gupta@gmail.com"
    ],
    "Sector": "Prompt Engineer",
    "Experience": "Mechanical Engineer, Larsen & Toubro, 2018 - Present, Worked on product design, FEA\nsimulations, and assembly line automation.",
    "Education": "B.Tech in Mechanical Engineering, IIT Kanpur, 2014 - 2018",
    "Skills": "Designed cost-efficient mechanical systems reducing manufacturing cost by 20%.\nWork",
    "Projects": "Smart Cooling System, Developed energy-efficient HVAC prototype.",
    "Certifications": "SolidWorks Professional, Six Sigma Green Belt\nAwards & Recognitions\nBest Innovator Award - L&T; (2021)",
    "Hobbies": "Painting, Robotics, Badminton",
    "Score": 5.4
}