{
    "Name": "David Wilson",
    "Email": [],
    "Sector": "Prompt Engineer",
    "Skills": "- Competitive programming",
    "Experience": "in industry tools and best practices.",
    "Education": "B.Tech in Computer Science, Carnegie Mellon University, 2019-2023",
    "Projects": "• Image Classification using CNN\n• Text Sentiment Analysis with RNN",
    "Certifications": "Google Cloud Professional\nOracle Java Certification\n\nAwards & Recognitions\n\nFirst Prize - Capture The Flag (CTF) Security Contest",
    "Hobbies": "Photography, Hiking",
    "Score": 97.39
}