{
    "Name": "James Anderson",
    "Email": [],
    "Sector": "Prompt Engineer",
    "Skills": "- Competitive programming",
    "Experience": "in industry tools and best practices.",
    "Education": "B.Tech in Computer Science, IIT Bombay, 2019-2023",
    "Projects": "• AI Chatbot using GPT API\n• Automated Resume Screening Prompts",
    "Certifications": "Certified Ethical Hacker (CEH)\nCertified Kubernetes Administrator\n\nAwards & Recognitions\n\nWinner - National Hackathon 2022",
    "Hobbies": "Reading Tech Blogs, Chess",
    "Score": 94.59
}