{
    "Name": "John Miller",
    "Email": [],
    "Sector": "Prompt Engineer",
    "Skills": "- Competitive programming",
    "Experience": "in industry tools and best practices.",
    "Education": "B.Tech in Computer Science, Georgia Institute of Technology, 2019-2023",
    "Projects": "• Library Management System (Java, MySQL)\n• Chat Application (Python, Socket Programming)",
    "Certifications": "Google Cloud Professional\nGoogle Cloud Professional\n\nAwards & Recognitions\n\nFirst Prize - Capture The Flag (CTF) Security Contest",
    "Hobbies": "Photography, Gaming",
    "Score": 97.72
}