{
    "Name": "Michael Brown",
    "Email": [],
    "Sector": "Prompt Engineer",
    "Skills": "- Competitive programming",
    "Experience": "in industry tools and best practices.",
    "Education": "B.Tech in Computer Science, Massachusetts Institute of Technology (MIT), 2019-2023",
    "Projects": "• Library Management System (Java, MySQL)\n• Chat Application (Python, Socket Programming)",
    "Certifications": "Certified Ethical Hacker (CEH)\nMicrosoft Azure Fundamentals\n\nAwards & Recognitions\n\nWinner - National Hackathon 2022",
    "Hobbies": "Gaming, Gaming",
    "Score": 94.03
}