{
    "Name": "Rohit Jha",
    "Email": [],
    "Sector": "Prompt Engineer",
    "Skills": "- Competitive programming",
    "Experience": "in industry tools and best practices.",
    "Education": "B.Tech in Computer Science, University of California, Berkeley, 2019-2023",
    "Projects": "• AI Chatbot using GPT API\n• Automated Resume Screening Prompts",
    "Certifications": "Certified Kubernetes Administrator\nTensorFlow Developer Certificate\n\nAwards & Recognitions\n\nBest Paper Award - AI Conference 2023",
    "Hobbies": "Traveling, Reading Tech Blogs",
    "Score": 94.66
}