{
    "Name": "Sarah Davis",
    "Email": [],
    "Sector": "Prompt Engineer",
    "Skills": "- Competitive programming",
    "Experience": "in industry tools and best practices.",
    "Education": "B.Tech in Computer Science, Stanford University, 2019-2023",
    "Projects": "• Image Classification using CNN\n• Text Sentiment Analysis with RNN",
    "Certifications": "Microsoft Azure Fundamentals\nOracle Java Certification\n\nAwards & Recognitions\n\nBest Paper Award - AI Conference 2023",
    "Hobbies": "Chess, Football",
    "Score": 100.0
}