{
    "Name": "Aarav Mehta",
    "Email": [
        "aarav.mehta87@gmail.com"
    ],
    "Sector": "Marketing Specialist",
    "Experience": ": Senior Marketing Executive at BrightWave Media (2018–Present) Marketing\nAssociate at Orion Global (2015–2018)",
    "Certifications": ": Google Ads Certification, HubSpot Content Marketing, Meta Blueprint Certification",
    "Projects": ": 1. Led a digital transformation project increasing online sales by 35%. 2. Managed\ninfluencer marketing campaigns for FMCG clients across India.\nAchievements: (cid:127) Awarded 'Marketer of the Year' (2021) by BrightWave Media. (cid:127) Increased social\nmedia engagement by 60% YoY.",
    "Hobbies": ": Photography, cricket, traveling",
    "Score": 100.0
}