{
    "Name": "Ananya Gupta",
    "Email": [
        "ananya.gupta91@gmail.com"
    ],
    "Sector": "Marketing Specialist",
    "Certifications": ": HubSpot Inbound Certification, Meta Ads Manager Expert",
    "Experience": ": Marketing Manager at GreenEdge Digital (2018–Present) Content Strategist at Insight\nMedia (2016–2018)",
    "Projects": ": 1. Directed a social awareness campaign with 3M+ impressions. 2. Launched regional\nbranding initiatives across Eastern India.\nAchievements: (cid:127) Featured in 'Top 30 Under 30 Marketers' (2020). (cid:127) Increased web traffic by 70%\nYoY.",
    "Hobbies": ": Blogging, art, community volunteering",
    "Score": 76.49
}