{
    "Name": "Olivia Brown",
    "Email": [
        "olivia.brown@businessmail.com"
    ],
    "Sector": "Marketing Specialist",
    "Experience": ": Marketing Manager at Trendify Solutions (2018–Present) Marketing Coordinator at\nBrightEdge (2016–2018)",
    "Certifications": ": Meta Certified Marketing Science Professional, Google Data Analytics",
    "Projects": ": 1. Scaled company’s online reach by 300% through targeted campaigns. 2. Partnered\nwith major brands for influencer-driven collaborations.\nAchievements: (cid:127) Awarded 'APAC Marketing Innovation Award' (2023). (cid:127) Increased lead conversion\nrate by 45%.",
    "Hobbies": ": Surfing, photography, gardening",
    "Score": 78.06
}