{
    "Name": "Carlos Martínez",
    "Email": [
        "carlos.martinez@correo.es"
    ],
    "Sector": "Marketing Specialist",
    "Experience": ": Marketing Strategist at NovaRetail Spain (2018–Present) Marketing Analyst at\nGlobalCom (2015–2018)",
    "Certifications": ": Google Ads, Hootsuite Social Media Certification",
    "Projects": ": 1. Directed cross-border ad campaigns for retail expansion in Europe. 2. Designed loyalty\nprograms boosting retention by 20%.\nAchievements: (cid:127) Winner of Spain Digital Marketing Award (2022). (cid:127) Regular guest lecturer at IE\nUniversity.",
    "Hobbies": ": Football, culinary arts, cycling",
    "Score": 67.25
}