{
    "Name": "Arjun Sharma",
    "Email": [
        "arjun.sharma@gmail.com"
    ],
    "Sector": "Marketing Specialist",
    "Experience": "Marketing Manager, Flipkart, 2019 - Present, Led a team of 8 marketers, managed $1M annual\nbudget, boosted ROI by 35%.",
    "Education": "MBA in Marketing, IIM Bangalore, 2016 - 2018\nBBA in Marketing, Delhi University, 2013 - 2016",
    "Skills": "Revamped marketing strategy leading to 40% increase in customer engagement.\nWork",
    "Projects": "Digital Marketing Campaign, Executed campaign increasing organic traffic by 60%.",
    "Certifications": "Google Ads Certification, HubSpot Inbound Marketing\nAwards & Recognitions\nBest Campaign Award - Flipkart (2022)",
    "Hobbies": "Public Speaking, Blogging, Traveling",
    "Score": 88.35
}