{
    "Name": "Emma Johnson",
    "Email": [
        "emma.johnson@outlook.com"
    ],
    "Sector": "Marketing Specialist",
    "Experience": ": Marketing Manager at PureBrands Ltd. (2018–Present) Digital Marketing Specialist at\nInspire Communications (2015–2018)",
    "Certifications": ": Google Ads Certification, Chartered Institute of Marketing (CIM) Diploma",
    "Projects": ": 1. Launched nationwide rebranding campaign increasing brand awareness by 40%. 2.\nLed influencer collaborations resulting in 120% engagement growth.\nAchievements: (cid:127) Finalist, UK Marketing Excellence Awards (2022). (cid:127) Mentored junior marketers\nthrough CIM program.",
    "Hobbies": ": Hiking, photography, art galleries",
    "Score": 85.64
}