{
    "Name": "Karthik Raj",
    "Email": [
        "karthik.raj.marketing@gmail.com"
    ],
    "Sector": "Marketing Specialist",
    "Experience": ": Digital Marketing Manager at PixelCore Technologies (2018–Present) Performance\nAnalyst at Adwave Media (2015–2018)",
    "Certifications": ": Google Ads Professional, Coursera Marketing Analytics, Tableau Fundamentals",
    "Projects": ": 1. Implemented PPC strategies reducing CAC by 28%. 2. Developed dashboards for\ncampaign performance insights.\nAchievements: (cid:127) Winner of 'Innovator Award' (2021). (cid:127) Speaker at Digital India Summit 2023.",
    "Hobbies": ": Cycling, tech blogging, music",
    "Score": 77.05
}