{
    "Name": "Liam Carter",
    "Email": [
        "liam.carter@protonmail.com"
    ],
    "Sector": "Marketing Specialist",
    "Certifications": ": HubSpot Growth-Driven Design, Google Analytics Expert",
    "Experience": ": Senior Marketing Strategist at CloudBridge Inc. (2018–Present) Digital Marketing\nExecutive at SkyEdge (2015–2018)",
    "Projects": ": 1. Designed ABM strategy generating $5M in new pipeline revenue. 2. Revamped\nwebsite content leading to 30% conversion growth.\nAchievements: (cid:127) Recognized among 'Top 100 SaaS Marketers in North America' (2023). (cid:127)\nSpeaker at GrowthHackers Conference 2022.",
    "Hobbies": ": Basketball, podcasting, cooking",
    "Score": 66.57
}