{
    "Name": "PRATHAMESH RAVINDRA SHIRKE",
    "Email": [
        "prathamesh.shirke92@gmail.com"
    ],
    "Sector": "Marketing Specialist",
    "Experience": "LALAMOVE LOGISTICS\nFrom 17 Oct 2019 to 31 Oct 2025 worked with Lalamove Logistics Pvt. Limited as an Fleet Manager\nManaging key accounts.\nAssigning Vehicles to the customers. Handling\nteam. And driver hiring\n. Key Responsibilities\n• Lubricants Oil Retail Counter & Transport Fleet Owner Order\n• Last mile and middle mile dispatch and vehicle dispatch\n• Packing of Material vehicle tracking\n• Recompilation of remaining stock\n• Bill attachment and Bill checking and cash receiving\n• Traffic Management\n• Monthly maintenance of vehicle\n• Market driver arrange and market vehicle arrange.\n• Drivers Follow-up\n• Export and Import Inventory\n1) Commercial Invoice\n2) Bill Of Lading\n3) Certificate Of Orgin\n4) Packing List\n5) Letter of Credit.etc\nBTL Activities\n• BTL Activity All PCMC (Nigdi, Akurdi, Hinjewadi, Baner, Ravet, Tathawade) BTL Activity All Navi\nMumbai Area Panvel, Juainagar, Ulwe and JNPT etc.\n• Doing BTL Activity with Senior\n• Stickering Hotspot Area (Panvel, Uran, Raigad, Chembur, Vashi.)\n• Tea Sticker\n• Society Marketing\n• Shop Stickering\n• Driver Team Meeting Weekly.\n• Lubricants oil B2B\nNinja Cart pvt.ltd\nPost : OPERATION & SALES\nDuration: From 20th May 2017 to 14th Sep 2019.\nRole:\n• Managing key accounts.\n• Assigning Vehicles to the customers.\n• Field Sales Shop to Shop visit.\n• Customer Collection.\n• New on boarding and Area visit. Vehicle Handling & Reporting.",
    "Skills": "and ability to convince people.\nPROFFESIONAL",
    "Education": "AL QUALIFICATION\nSSC From Maharashtra State Board, Mumbai, India (2012)\nHSC From Maharashtra State Board, Mumbai, India (2014)\nBachelor of Commerce from Mumbai University, Mumbai, India (2017)\nTECHNICAL KNOWLEDGE\nMS Office (Word, Excel, Power Point), MS EXCEL,\nDate of Birth : 09/04/1996\nMarital status : Single\nPermanent Address: Ravindra shirke behind Acharya College, Sukha sagar Socity, Kardevnagar Chembur,Mumbai 400071\nI assure that the information given is true, correct & up to date to the best of my knowledge & belief\nPlace: MUMBAI\n(PRATHMESH SHIRKE)",
    "Score": 0.0
}