{
    "Name": "Priya Nair",
    "Email": [
        "priya.nair22@gmail.com"
    ],
    "Sector": "Marketing Specialist",
    "Experience": ": Brand Marketing Manager at Orion Foods Pvt. Ltd. (2019–Present) Marketing\nExecutive at RedLeaf Communications (2016–2019)",
    "Certifications": ": Google Analytics Certified, Coursera Digital Marketing Specialization",
    "Projects": ": 1. Executed a multi-channel campaign for a new product line achieving 25% market\nshare in six months. 2. Implemented a CRM automation system that improved retention by 18%.\nAchievements: (cid:127) Recognized as 'Top Performer of the Year' (2022). (cid:127) Successfully managed n1.2\ncrore annual marketing budget.",
    "Hobbies": ": Yoga, reading, sustainable fashion",
    "Score": 79.3
}