{
    "Name": "Rohit Sharma",
    "Email": [
        "rohit.sharma.marketer@gmail.com"
    ],
    "Sector": "Marketing Specialist",
    "Experience": ": Marketing Lead at CloudNova Technologies (2019–Present) Digital Marketing\nManager at Verve Solutions (2014–2019)",
    "Certifications": ": LinkedIn B2B Marketing Certificate, SEMrush SEO Certification",
    "Projects": ": 1. Built inbound marketing framework increasing lead generation by 45%. 2. Managed\ninternational product marketing for APAC clients.\nAchievements: (cid:127) Published marketing insights in Indian Marketing Review (2023). (cid:127) Improved\ncustomer engagement rate by 50% within a year.",
    "Hobbies": ": Running, cooking, mentoring startups",
    "Score": 93.89
}