{
    "Name": "Sophia Müller",
    "Email": [
        "sophia.mueller@web.de"
    ],
    "Sector": "Marketing Specialist",
    "Certifications": ": CIM Diploma, Google Digital Marketing Certification",
    "Experience": ": Marketing Lead at LuxeVision GmbH (2019–Present) Brand Executive at Aurora\nAgency (2016–2019)",
    "Projects": ": 1. Managed international launch for premium product line. 2. Increased brand presence\nacross DACH region by 50%.\nAchievements: (cid:127) Featured in Marketing Europe Magazine (2022). (cid:127) Awarded for 'Best Luxury\nBrand Campaign' (2021).",
    "Hobbies": ": Traveling, interior design, language learning",
    "Score": 77.62
}