{
    "Name": "Amit Jangir",
    "Email": [],
    "Sector": "Cybersecurity Engineer",
    "Skills": "- Competitive programming",
    "Experience": "in industry tools and best practices.",
    "Education": "B.Tech in Computer Science, Massachusetts Institute of Technology (MIT), 2019-2023",
    "Projects": "• Secure File Transfer System\n• Intrusion Detection System",
    "Certifications": "TensorFlow Developer Certificate\nCertified Ethical Hacker (CEH)\n\nAwards & Recognitions\n\nWinner - National Hackathon 2022",
    "Hobbies": "Coding Competitions, Gaming",
    "Score": 0.0
}