{
    "Name": "Neha Gupta",
    "Email": [],
    "Sector": "Cybersecurity Engineer",
    "Skills": "- Competitive programming",
    "Experience": "in industry tools and best practices.",
    "Education": "B.Tech in Computer Science, NIT Trichy, 2019-2023",
    "Projects": "• Secure File Transfer System\n• Intrusion Detection System",
    "Certifications": "Certified Ethical Hacker (CEH)\nGoogle Cloud Professional\n\nAwards & Recognitions\n\nGold Medal - University Coding Olympiad",
    "Hobbies": "Gaming, Football",
    "Score": 100.0
}