{
    "Name": "Pooja Purohit",
    "Email": [],
    "Sector": "Cybersecurity Engineer",
    "Skills": "- Competitive programming",
    "Experience": "in industry tools and best practices.",
    "Education": "B.Tech in Computer Science, Carnegie Mellon University, 2019-2023",
    "Projects": "• Secure File Transfer System\n• Intrusion Detection System",
    "Certifications": "Certified Kubernetes Administrator\nGoogle Cloud Professional\n\nAwards & Recognitions\n\nBest Paper Award - AI Conference 2023",
    "Hobbies": "Gaming, Chess",
    "Score": 29.77
}