{
    "Name": "Rahul Verma",
    "Email": [
        "rahul.verma@gmail.com"
    ],
    "Sector": "UI/UX Designer",
    "Experience": "UI/UX Designer, Zomato, 2020 - Present, Designed app interfaces and collaborated with\ndevelopers for seamless UX.",
    "Education": "B.Des in Interaction Design, NIFT Delhi, 2016 - 2020",
    "Skills": "Redesigned user flows, reducing customer drop-off by 25%.\nWork",
    "Projects": "Food Delivery App Redesign, Improved navigation and usability, increasing daily active users by\n18%.",
    "Certifications": "Google UX Design Certificate, Adobe Creative Certification\nAwards & Recognitions\nDesign Excellence Award - Zomato (2022)",
    "Hobbies": "Sketching, Gaming, Music"
}