{
    "Name": "Aarav Mehta",
    "Email": [
        "aarav.mehta@gmail.com"
    ],
    "Sector": "Product Manager",
    "Skills": ": Empathy, Strategic Vision, Negotiation, Agile Mindset",
    "Education": "B.Tech in Computer Science | IIT Delhi | 2021",
    "Experience": "Product Owner — Finlytics (2020–2022)\n(cid:127) Managed cross-functional teams across sprints\n(cid:127) Led development of a new payments feature resulting in $1.2M ARR growth",
    "Projects": "SaaS Analytics Platform — Designed data visualization system enabling clients to track KPIs in real time.\nFintech Mobile App — Coordinated feature rollout across Android & iOS platforms ensuring user adoption.",
    "Certifications": "Certified Scrum Product Owner (CSPO)\nGoogle Project Management Certificate — Coursera\nProduct Strategy — Kellogg School of Management",
    "Score": 80.13
}