{
    "Name": "Aditya Jain",
    "Email": [
        "aditya.jain@gmail.com"
    ],
    "Sector": "Product Manager",
    "Experience": "Product Manager — Zentech Solutions (2022–Present)\n(cid:127) Defined roadmap and implemented analytics dashboard increasing engagement by 30%\n(cid:127) Collaborated with design and engineering teams to optimize onboarding process",
    "Skills": ": Empathy, Strategic Vision, Negotiation, Agile Mindset",
    "Education": "MBA in Marketing & Strategy | ISB Hyderabad | 2022",
    "Projects": "SaaS Analytics Platform — Designed data visualization system enabling clients to track KPIs in real time.\nE-commerce Personalization Engine — Built ML-based recommendation module improving CTR by 22%.",
    "Certifications": "Aha! Roadmapping Essentials\nCertified Scrum Product Owner (CSPO)\nGoogle Project Management Certificate — Coursera",
    "Score": 75.42
}