{
    "Name": "Divya Sharma",
    "Email": [
        "divya.sharma@gmail.com"
    ],
    "Sector": "Product Manager",
    "Experience": "Product Manager — Zentech Solutions (2022–Present)\n(cid:127) Defined roadmap and implemented analytics dashboard increasing engagement by 30%\n(cid:127) Collaborated with design and engineering teams to optimize onboarding process",
    "Skills": ": Problem Solving, Teamwork, Presentation, Critical Thinking",
    "Education": "PGDM in Business Analytics | XLRI Jamshedpur | 2024",
    "Projects": "Fintech Mobile App — Coordinated feature rollout across Android & iOS platforms ensuring user adoption.\nE-commerce Personalization Engine — Built ML-based recommendation module improving CTR by 22%.",
    "Certifications": "Google Project Management Certificate — Coursera\nAha! Roadmapping Essentials\nAgile Product Management — Udemy",
    "Score": 0.0
}