{
    "Name": "Isha Verma",
    "Email": [
        "isha.verma@gmail.com"
    ],
    "Sector": "Product Manager",
    "Experience": "Product Manager — Zentech Solutions (2022–Present)\n(cid:127) Defined roadmap and implemented analytics dashboard increasing engagement by 30%\n(cid:127) Collaborated with design and engineering teams to optimize onboarding process",
    "Skills": ": Leadership, Communication, Stakeholder Management, Collaboration",
    "Education": "B.Tech in Computer Science | IIT Delhi | 2021",
    "Projects": "Fintech Mobile App — Coordinated feature rollout across Android & iOS platforms ensuring user adoption.\nE-commerce Personalization Engine — Built ML-based recommendation module improving CTR by 22%.",
    "Certifications": "Agile Product Management — Udemy\nCertified Scrum Product Owner (CSPO)\nProduct Strategy — Kellogg School of Management",
    "Score": 11.65
}