{
    "Name": "Karan Bansal",
    "Email": [
        "karan.bansal@gmail.com"
    ],
    "Sector": "Product Manager",
    "Skills": ": Empathy, Strategic Vision, Negotiation, Agile Mindset",
    "Experience": "Associate Product Manager — ShopEase Pvt Ltd (2021–2023)\n(cid:127) Launched referral program improving retention by 18%\n(cid:127) Conducted competitive analysis and customer interviews for roadmap inputs",
    "Education": "MBA in Product Management | IIM Bangalore | 2023",
    "Projects": "Fintech Mobile App — Coordinated feature rollout across Android & iOS platforms ensuring user adoption.\nEdTech Portal — Streamlined content management workflow, reducing delivery time by 35%.",
    "Certifications": "Certified Scrum Product Owner (CSPO)\nAha! Roadmapping Essentials\nGoogle Project Management Certificate — Coursera",
    "Score": 24.39
}