{
    "Name": "Neha Singh",
    "Email": [
        "neha.singh@gmail.com"
    ],
    "Sector": "Product Manager",
    "Skills": ": Empathy, Strategic Vision, Negotiation, Agile Mindset",
    "Education": "B.E. in Information Technology | VIT Vellore | 2020",
    "Experience": "Associate Product Manager — ShopEase Pvt Ltd (2021–2023)\n(cid:127) Launched referral program improving retention by 18%\n(cid:127) Conducted competitive analysis and customer interviews for roadmap inputs",
    "Projects": "Fintech Mobile App — Coordinated feature rollout across Android & iOS platforms ensuring user adoption.\nE-commerce Personalization Engine — Built ML-based recommendation module improving CTR by 22%.",
    "Certifications": "Product Strategy — Kellogg School of Management\nAha! Roadmapping Essentials\nCertified Scrum Product Owner (CSPO)",
    "Score": 11.26
}