{
    "Name": "Priya Kapoor",
    "Email": [
        "priya.kapoor@gmail.com"
    ],
    "Sector": "Product Manager",
    "Skills": ": Empathy, Strategic Vision, Negotiation, Agile Mindset",
    "Education": "MBA in Marketing & Strategy | ISB Hyderabad | 2022",
    "Experience": "Product Owner — Finlytics (2020–2022)\n(cid:127) Managed cross-functional teams across sprints\n(cid:127) Led development of a new payments feature resulting in $1.2M ARR growth",
    "Projects": "SaaS Analytics Platform — Designed data visualization system enabling clients to track KPIs in real time.\nEdTech Portal — Streamlined content management workflow, reducing delivery time by 35%.",
    "Certifications": "Aha! Roadmapping Essentials\nGoogle Project Management Certificate — Coursera\nAgile Product Management — Udemy",
    "Score": 77.83
}