{
    "Name": "Rohan Malhotra",
    "Email": [
        "rohan.malhotra@gmail.com"
    ],
    "Sector": "Product Manager",
    "Skills": ": Problem Solving, Teamwork, Presentation, Critical Thinking",
    "Education": "MBA in Marketing & Strategy | ISB Hyderabad | 2022",
    "Experience": "Product Owner — Finlytics (2020–2022)\n(cid:127) Managed cross-functional teams across sprints\n(cid:127) Led development of a new payments feature resulting in $1.2M ARR growth",
    "Projects": "E-commerce Personalization Engine — Built ML-based recommendation module improving CTR by 22%.\nSaaS Analytics Platform — Designed data visualization system enabling clients to track KPIs in real time.",
    "Certifications": "Agile Product Management — Udemy\nCertified Scrum Product Owner (CSPO)\nAha! Roadmapping Essentials",
    "Score": 100.0
}