{
    "Name": "Sanya Patel",
    "Email": [
        "sanya.patel@gmail.com"
    ],
    "Sector": "Product Manager",
    "Skills": ": Problem Solving, Teamwork, Presentation, Critical Thinking",
    "Education": "MBA in Marketing & Strategy | ISB Hyderabad | 2022",
    "Experience": "Associate Product Manager — ShopEase Pvt Ltd (2021–2023)\n(cid:127) Launched referral program improving retention by 18%\n(cid:127) Conducted competitive analysis and customer interviews for roadmap inputs",
    "Projects": "SaaS Analytics Platform — Designed data visualization system enabling clients to track KPIs in real time.\nEdTech Portal — Streamlined content management workflow, reducing delivery time by 35%.",
    "Certifications": "Product Strategy — Kellogg School of Management\nGoogle Project Management Certificate — Coursera\nCertified Scrum Product Owner (CSPO)",
    "Score": 63.11
}