{
    "Name": "Vikram Nair",
    "Email": [
        "vikram.nair@gmail.com"
    ],
    "Sector": "Product Manager",
    "Experience": "Product Owner — Finlytics (2020–2022)\n(cid:127) Managed cross-functional teams across sprints\n(cid:127) Led development of a new payments feature resulting in $1.2M ARR growth",
    "Skills": ": Problem Solving, Teamwork, Presentation, Critical Thinking",
    "Education": "MBA in Marketing & Strategy | ISB Hyderabad | 2022",
    "Projects": "EdTech Portal — Streamlined content management workflow, reducing delivery time by 35%.\nE-commerce Personalization Engine — Built ML-based recommendation module improving CTR by 22%.",
    "Certifications": "Certified Scrum Product Owner (CSPO)\nGoogle Project Management Certificate — Coursera\nAha! Roadmapping Essentials",
    "Score": 81.02
}