{
    "Name": "Ananya Kapoor",
    "Email": [
        "ananya.kapoor@example.com"
    ],
    "Sector": "Human Resources Manager",
    "Experience": "s :\nHR Manager at PeopleFirst International (2016–2023) - Led recruitment, onboarding, and\nemployee engagement - Developed HR dashboards to monitor KPIs - Conducted training\nand leadership development programs",
    "Certifications": ":\nSHRM-CP (2017), LinkedIn Learning HR Analytics (2018)\nAchievements :\nImplemented HR analytics system reducing attrition by 20%, Awarded 'Best HR Initiative\n2021'",
    "Projects": ":\n- Implemented HR analytics for attrition prediction - Launched employee engagement\nsurveys increasing participation by 50%",
    "Hobbies": ":\nYoga, Traveling, Reading business books",
    "Score": 93.08
}