{
    "Name": "Arjun Mehta",
    "Email": [
        "arjun.mehta@example.com"
    ],
    "Sector": "Human Resources Manager",
    "Certifications": ":\nHRCI PHR (2016), LinkedIn Learning Strategic HR Leadership (2017)\nAchievements :\nSuccessfully managed hiring for 500+ employees, Reduced onboarding time by 40%",
    "Experience": "s :\nSenior HR Manager at GlobalTech Solutions (2015–2023) - Managed recruitment, L&D;,\nand employee relations - Introduced HR policies and compliance framework - Led\nleadership development programs",
    "Projects": ":\n- Designed onboarding program reducing attrition in first 6 months by 15% - Implemented\nlearning management system",
    "Hobbies": ":\nTraveling, Cricket, Volunteering for",
    "Education": "NGOs",
    "Score": 0.0
}