{
    "Name": "Ethan Wilson",
    "Email": [
        "ethan.wilson@example.com"
    ],
    "Sector": "Human Resources Manager",
    "Certifications": ":\nHRCI SPHR (2015), LinkedIn Learning HR Strategy (2016)\nAchievements :\nReduced recruitment cycle by 30%, Introduced employee engagement initiatives\nimproving satisfaction scores by 25%",
    "Experience": "s :\nHR Manager at FinTech Solutions Ltd (2014–2023) - Managed HR operations,\nrecruitment, and employee engagement - Developed HR policies and compliance training\n- Conducted leadership development workshops",
    "Projects": ":\n- Developed recruitment analytics system - Launched employee engagement programs\nacross UK offices",
    "Hobbies": ":\nFootball, Traveling, Volunteering",
    "Score": 99.78
}