{
    "Name": "Isabella Rossi",
    "Email": [
        "isabella.rossi@example.com"
    ],
    "Sector": "Human Resources Manager",
    "Experience": "s :\nHR Manager at EuroTech Solutions (2015–2023) - Managed recruitment for Italy and\nEuropean offices - Developed training and development programs - Conducted\nperformance evaluations and employee engagement surveys",
    "Certifications": ":\nSHRM-CP (2016), LinkedIn Learning HR Analytics (2017)\nAchievements :\nImplemented leadership development programs, Reduced attrition by 18%",
    "Projects": ":\n- Launched leadership development program - Introduced HR analytics dashboards to\ntrack attrition and engagement",
    "Hobbies": ":\nCooking, Traveling, Yoga",
    "Score": 100.0
}