{
    "Name": "Lucas Schmidt",
    "Email": [
        "lucas.schmidt@example.com"
    ],
    "Sector": "Human Resources Manager",
    "Experience": "s :\nHR Manager at TechSolutions GmbH (2014–2023) - Managed recruitment and employee\nrelations - Implemented HR policies and compliance training - Conducted leadership\ndevelopment and training programs",
    "Certifications": ":\nHRCI PHRi (2015), LinkedIn Learning HR Strategy (2016)\nAchievements :\nReduced employee turnover by 20%, Implemented successful HR software solutions",
    "Projects": ":\n- Rolled out HR software system across multiple offices - Designed employee engagement\nand recognition programs",
    "Hobbies": ":\nCycling, Reading, Mentoring young professionals",
    "Score": 69.44
}