{
    "Name": "Neha Reddy",
    "Email": [
        "neha.reddy@example.com"
    ],
    "Sector": "Human Resources Manager",
    "Certifications": ":\nSHRM-SCP (2018), LinkedIn Learning People Analytics (2019)\nAchievements :\nLaunched employee wellness programs, Reduced employee attrition by 20%",
    "Experience": "s :\nHR Manager at TechBridge Solutions (2017–2023) - Conducted recruitment drives for IT\npositions - Implemented performance management and appraisal systems - Managed\ntraining and leadership programs",
    "Projects": ":\n- Developed mentorship program for high-potential employees - Initiated wellness and\nwork-life balance programs",
    "Hobbies": ":\nReading, Meditation, Community Volunteering",
    "Score": 7.86
}