{
    "Name": "Olivia Brown",
    "Email": [
        "olivia.brown@example.com"
    ],
    "Sector": "Human Resources Manager",
    "Certifications": ":\nSHRM-SCP (2016), LinkedIn Learning Leadership (2017)\nAchievements :\nReduced turnover by 22%, Launched successful employee engagement programs",
    "Experience": "s :\nHR Manager at TechInnovate Inc. (2015–2023) - Managed full-cycle recruitment for 300+\npositions - Developed performance appraisal systems - Conducted employee training and\nwellness programs",
    "Projects": ":\n- Implemented mentorship program for mid-level managers - Launched wellness and\nremote working programs",
    "Hobbies": ":\nRunning, Volunteering, Reading HR publications",
    "Score": 25.54
}