{
    "Name": "Priya Singh",
    "Email": [
        "priya.singh@example.com"
    ],
    "Sector": "Human Resources Manager",
    "Experience": "s :\nHR Manager at PeopleFirst Solutions (2016–2023) - Managed recruitment for 200+\npositions annually - Developed performance appraisal and training programs - Conducted\nemployee engagement surveys and improved satisfaction by 30%",
    "Certifications": ":\nSHRM-CP (2017), LinkedIn Learning HR Leadership (2018)\nAchievements :\nReduced employee attrition by 25% in 2 years, Implemented employee recognition\nprogram awarded 'Best HR Initiative 2020'",
    "Projects": ":\n- Launched talent development program increasing internal promotions by 20% -\nImplemented HR analytics dashboard for attrition monitoring",
    "Hobbies": ":\nReading HR journals, Yoga, Mentoring university students",
    "Score": 97.0
}