{
    "Name": "Sofia Andersson",
    "Email": [
        "sofia.andersson@example.com"
    ],
    "Sector": "Human Resources Manager",
    "Certifications": ":\nSHRM-SCP (2017), LinkedIn Learning Leadership (2018)\nAchievements :\nIncreased employee satisfaction scores by 30%, Reduced recruitment time by 25%",
    "Experience": "s :\nHR Manager at NordicTech AB (2016–2023) - Managed recruitment, onboarding, and\nperformance management - Developed employee engagement programs - Implemented\nHR dashboards for KPIs",
    "Projects": ":\n- Launched leadership development programs for managers - Introduced wellness\nprograms improving retention",
    "Hobbies": ":\nTravel, Photography, Yoga",
    "Score": 57.28
}