{
    "Name": "Vikram Joshi",
    "Email": [
        "vikram.joshi@example.com"
    ],
    "Sector": "Human Resources Manager",
    "Experience": "s :\nHR Manager at Innovatech Solutions (2014–2023) - Managed recruitment, compensation,\nand employee engagement - Implemented HR software for payroll and attendance\ntracking - Developed HR policies and compliance manuals",
    "Certifications": ":\nHRCI PHR (2015), LinkedIn Learning HR Strategy (2016)\nAchievements :\nDesigned performance incentive programs, Reduced attrition by 18%",
    "Projects": ":\n- Launched incentive program for high performers, increasing retention by 15% -\nOrganized leadership workshops",
    "Hobbies": ":\nFootball, Reading, Mentoring young professionals",
    "Score": 17.67
}