{
    "Name": "Ananya Sharma",
    "Email": [],
    "Sector": "Software Developer",
    "Skills": "- Competitive programming",
    "Experience": "in industry tools and best practices.",
    "Education": "B.Tech in Computer Science, Harvard University, 2019-2023",
    "Projects": "• E-commerce Website (MERN)\n• Task Manager App (React + Flask)",
    "Certifications": "Google Cloud Professional\nMicrosoft Azure Fundamentals\n\nAwards & Recognitions\n\nFirst Prize - Capture The Flag (CTF) Security Contest",
    "Hobbies": "Coding Competitions, Cooking",
    "Score": 100.0
}