{
    "Name": "Aarav Mehta",
    "Email": [
        "aarav.mehta@gmail.com"
    ],
    "Sector": "Software Developer",
    "Experience": "Software Engineer, Infosys, Jul 2022 - Present, Worked on full-stack applications, reduced API\nresponse time by 30%.",
    "Education": "B.Tech in Computer Science, IIT Delhi, 2018 - 2022",
    "Skills": ", optimized database queries, designed scalable APIs.\nWork",
    "Projects": "E-commerce Platform, Developed a MERN stack e-commerce app with payment integration.",
    "Certifications": "AWS Certified Developer, Google Cloud Fundamentals\nAwards & Recognitions\nBest Employee - Infosys (2023)",
    "Hobbies": "Chess, Blogging, Cycling",
    "Score": 0.0
}