{
    "Name": "Emily Johnson",
    "Email": [],
    "Sector": "Software Developer",
    "Skills": "- Competitive programming",
    "Experience": "in industry tools and best practices.",
    "Education": "B.Tech in Computer Science, IIT Bombay, 2019-2023",
    "Projects": "• Library Management System (Java, MySQL)\n• Chat Application (Python, Socket Programming)",
    "Certifications": "Google Cloud Professional\nGoogle Cloud Professional\n\nAwards & Recognitions\n\nBest Paper Award - AI Conference 2023",
    "Hobbies": "Music, Chess",
    "Score": 69.14
}