{
    "Name": "Vikas Gurjar",
    "Email": [],
    "Sector": "Software Developer",
    "Skills": "- Competitive programming",
    "Experience": "in industry tools and best practices.",
    "Education": "B.Tech in Computer Science, NIT Trichy, 2019-2023",
    "Projects": "• E-commerce Website (MERN)\n• Task Manager App (React + Flask)",
    "Certifications": "Cisco CCNA\nOracle Java Certification\n\nAwards & Recognitions\n\nEmployee of the Month - ABC Tech",
    "Hobbies": "Reading Tech Blogs, Chess",
    "Score": 91.49
}