{
    "Name": "Sara Kapoor",
    "Email": [
        "sara.kapoor@gmail.com"
    ],
    "Sector": "Data Scientist",
    "Experience": "Data Analyst, TCS, 2022 - Present, Performed trend analysis and developed dashboards used by\n10+ departments.",
    "Education": "B.Sc in Statistics, University of Mumbai, 2017 - 2020\nM.Sc in Data Science, Christ University, Bangalore, 2020 - 2022",
    "Skills": "Built predictive models, automated reporting pipelines reducing manual effort by 40%.\nWork",
    "Projects": "Customer Churn Prediction, Created ML model with 85% accuracy for churn analysis.",
    "Certifications": "Tableau Desktop Specialist, Microsoft Data Analyst Associate\nAwards & Recognitions\nData Champion Award - TCS (2023)",
    "Hobbies": "Reading, Photography, Traveling",
    "Score": 0.0
}