{
    "Name": "Karthik Rao",
    "Email": [
        "karthik.rao@gmail.com"
    ],
    "Sector": "Data Scientist",
    "Skills": ": Leadership, Data Storytelling, Problem Solving",
    "Education": "B.Tech in Computer Science | IIIT Bangalore | CGPA 8.3/10 | 2023",
    "Experience": "Machine Learning Intern — DeepCore Labs (2024)\n(cid:127) Implemented CNN and LSTM architectures for image and text classification\n(cid:127) Contributed to cloud deployment using Docker and TensorFlow Serving",
    "Projects": "Sales Forecasting — Python, XGBoost\n(cid:127) Predicted monthly sales trends improving forecast accuracy by 20%\nStock Price Prediction — Python, TensorFlow, Keras\n(cid:127) Implemented LSTM-based forecasting model achieving 92% accuracy",
    "Certifications": "(cid:127) IBM Data Science Professional Certificate — Coursera\n(cid:127) AWS Certified Machine Learning Specialty\n(cid:127) Python for Data Science — NPTEL",
    "Score": 91.37
}