{
    "Name": "Priya Nair",
    "Email": [
        "priya.nair@gmail.com"
    ],
    "Sector": "Data Scientist",
    "Skills": ": Attention to Detail, Curiosity, Presentation, Collaboration",
    "Education": "M.Sc in Data Science | University of Mumbai | CGPA 8.1/10 | 2022",
    "Experience": "Machine Learning Intern — DeepCore Labs (2024)\n(cid:127) Implemented CNN and LSTM architectures for image and text classification\n(cid:127) Contributed to cloud deployment using Docker and TensorFlow Serving",
    "Projects": "Sales Forecasting — Python, XGBoost\n(cid:127) Predicted monthly sales trends improving forecast accuracy by 20%\nFraud Detection System — Python, Scikit-learn, Power BI\n(cid:127) Built ML model to detect fraudulent transactions and visualized real-time results",
    "Certifications": "(cid:127) AWS Certified Machine Learning Specialty\n(cid:127) Applied Data Science with Python — University of Michigan\n(cid:127) TensorFlow Developer Certificate — Google",
    "Score": 94.2
}