{
    "Name": "Riya Malhotra",
    "Email": [
        "riya.malhotra@gmail.com"
    ],
    "Sector": "Data Scientist",
    "Experience": "Data Analyst — RetailX Analytics (2020–2023)\n(cid:127) Built dashboards in Power BI and Tableau to visualize KPIs\n(cid:127) Supported A/B testing and statistical modeling to optimize marketing ROI",
    "Skills": ": Analytical Thinking, Problem Solving, Teamwork, Communication",
    "Education": "B.Tech in Information Technology | VIT Vellore | CGPA 8.5/10 | 2024",
    "Projects": "Sales Forecasting — Python, XGBoost\n(cid:127) Predicted monthly sales trends improving forecast accuracy by 20%\nCustomer Segmentation — R, Tableau\n(cid:127) Used K-Means clustering to segment users for targeted marketing",
    "Certifications": "(cid:127) IBM Data Science Professional Certificate — Coursera\n(cid:127) TensorFlow Developer Certificate — Google\n(cid:127) Applied Data Science with Python — University of Michigan",
    "Score": 65.34
}